id,title,prepro
49906637,Pi.dev: You Said No MCP,pi dev said mcp
49908962,SDF vs. MSDF vs. Slug: GPU Text Rendering,sdf vs msdf vs slug gpu text render
49890707,Show HN: JBR-001 – An open-source 3D printable desktop robot,show hn jbr 001 open sourc 3d printabl desktop robot
49901736,Livenerf: Has Opus 5.5 been nerfed yet?,livenerf opu 5 5 nerf yet
49889140,Mathematical Origami,mathemat origami
49883970,I Could've Accessed 17T Microsoft Records,could access 17t microsoft record
49887343,Solving Factorio Quality,solv factorio qualiti
49879346,Getting out of the way: my robotics crash course,get way robot crash cours
49896604,Dots: Always-on agents,dot alway agent
49897993,Vermont replacing power plants with home batteries,vermont replac power plant home batteri
49893509,America.gov,america gov
49890733,NASA asked several former SR-71A staffers to help secret restart,nasa ask sever former sr 71a staffer help secret restart
49899090,U.S. postal inspectors shut down website selling counterfeit postage labels,u postal inspector shut websit sell counterfeit postag label
49898778,Show HN: Real-time Solar System with 526k asteroids and all tracked satellites,show hn real time solar system 526k asteroid track satellit
49909629,I can't tell who's teaching who anymore,tell teach anymor
49892245,How Delhi cut electricity loss from 50 to 5 percent,delhi cut electr loss 50 5 percent
49880411,Phyllotaxis: An audio-reactive LED display,phyllotaxi audio reactiv led display
49893002,Backblaze drive stats for Q2 2026,backblaz drive stat q2 2026
49883913,Testing WebGPU data layouts with Facet,test webgpu data layout facet
49902093,Floppy Emu Hardware Failure Analysis Results,floppi emu hardwar failur analysi result
49903862,RSS Feeds for Last.fm,rss feed last fm
49902019,NRC issues first U.S. construction permit for a BWRX-300 small modular reactor,nrc issu first u construct permit bwrx 300 small modular reactor
49896586,GPT 6.1 Sol: Near-Astra intelligence for a fifth of the price,gpt 6 1 sol near astra intellig fifth price
49891203,Language models for text classification: From bag-of-words to Jev,languag model text classif bag word jev
49905487,"September 2026: The world today, as seen by one Polish guy",septemb 2026 world today seen one polish guy
49895864,"Needed 1+1, built a functional programming language",need 1 1 built function program languag
49878857,A Staff Engineer's Guide to Inventing Work,staff engin guid invent work
49893157,Ask HN: What are you reading?,ask hn read
49879758,"Show HN: Using 2D DFT, dithering, etc. to maximize eInk manga image quality",show hn use 2d dft dither etc maxim eink manga imag qualiti
49888182,"When oil prices spike, where does the money go?",oil price spike money go
